,JNAME,P0,DECJ,Flux,W50
0,J0030+0451,0.0048654532112551154,+04:51:39.7278,1.4951751840089285,NaN
1,J0034-0721,0.9429509945597656,-07:21:53.409,6.0,23.4
2,J0134-2937,0.13696161051365074,-29:37:17.042,9.0,14.2
3,J0151-0635,1.464664549333674,-06:35:02.987,6.0,30.5
4,J0152-1637,0.8327416126877758,-16:37:53.641,3.0,8.1
5,J0206-4028,0.6305512595685335,-40:28:03.62,2.2,4.6
6,J0255-5304,0.44770847319884904,-53:04:21.275,7.0,6.6
7,J0348+0432,0.03912265690178056,+04:32:11.4580,NaN,0.63
8,J0401-7608,0.5452541781516362,-76:08:13.0,5.0,13.0
9,J0418-4154,0.7571189332566466,-41:54:14.53,2.2,7.1
10,J0437-4715,0.0057574519367126365,-47:15:09.110714,300.0,14.0
11,J0450-1248,0.4380141493906399,-12:48:07.10,4.0,18.7
12,J0452-1759,0.5489392232937018,-17:59:23.371,50.0,17.9
13,J0525+1115,0.3544375945137003,11:15:19.08,5.7,15.2
14,J0529-6652,0.97572496638,-66:52:38.2,0.7475875920044642,24.0
15,J0533+0402,0.96301770198,04:02:00.5,3.6,7.2
16,J0536-7543,1.245856132913541,-75:43:54.8,23.0,21.5
17,J0601-0527,0.39596916954318157,-05:27:50.871,6.2,9.3
18,J0621+1002,0.0288538611940574,+10:02:38.7352,4.734721416028274,0.69
19,J0624-0424,1.0390764758509907,-04:24:50.4535,3.4887420960208333,5.2
20,J0627+0649,0.346522567131,+06:49:54.13,4.709801829628125,6.33
21,J0627+0706,0.4758849303505593,+07:06:32.8,5.8,
22,J0630-2834,1.2444185961512455,-28:34:42.77881,90.0,19.3
23,J0646+0905,0.9039132,+09:05:49.3,5.9,11.8
24,J0659+1414,0.3849286233650379,+14:14:19.4,8.0,15.5
25,J0711-6830,0.0054909685061923135,-68:30:47.41446,9.22024696805506,1.092
26,J0729-1836,0.5101603448262563,-18:36:42.244,5.6,13.4
27,J0737-3039A,0.022699378599623916,-30:39:40.71431,8.0,
28,J0737-3039B,2.773460770066061,-30:39:40.71431,3.2395462320193453,58.0
29,J0738-4042,0.37492073594421266,-40:42:39.42,210.0,26.1
30,J0742-2822,0.16676229157216363,-28:22:43.76,86.0,9.2
31,J0758-1528,0.6822651758059591,-15:28:08.738,4.1,4.6
32,J0809-4753,0.5472021186838315,-47:53:54.70,11.0,7.4
33,J0818-3232,2.161258926939,-32:32:30.53,3.4887420960208333,23.4
34,J0820-1350,1.2381295438681763,-13:50:55.859,24.0,6.4
35,J0820-4114,0.5454455600749626,-41:14:35.3,32.0,94.8
36,J0823+0159,0.8648728046988048,+01:59:12.469,9.967834560059524,19.5
37,J0828-3417,1.848918803654907,-34:17:07.057,0.6229896600037202,740.0
38,J0835-4510,0.08932838502359318,-45:10:34.8751,2616.556572015625,1.4
39,J0837+0610,1.2737682915784503,06:10:14.56,12.459793200074404,24.8
40,J0837-4135,0.7516254225473826,-41:35:14.563,77.0,3.8
41,J0840-5332,0.7206137725065095,-53:32:35.92,6.0,10.5
42,J0842-4851,0.6443652289681416,-48:51:21.1,18.0,4.9
43,J0846-3533,1.1160984088254433,-35:33:41.2,9.2,6.8
44,J0855-3331,1.2675357027556968,-33:31:39.3151,2.9,6.0
45,J0856-6137,0.9625085573,-61:37:53.3,8.223463512049106,16.8
46,J0900-3144,0.0111096493380938,-31:44:30.89520,7.475875920044643,0.8
47,J0902-6325,0.6603133715,-63:25:12.0,4.236329688025298,16.7
48,J0904-4246,0.9651709987,-42:46:14,1.4951751840089285,21.0
49,J0904-7459,0.54955311909,-74:59:42.8,4.983917280029762,16.6
50,J0907-5157,0.25355772534006443,-51:57:59.21,22.0,12.0
51,J0908-1739,0.40162562344216124,-17:39:37.67,9.967834560059524,8.6
52,J0908-4913,0.10676903708136032,-49:13:05.06,35.0,
53,J0909-7212,1.3628899542,-72:12:08.4,4.734721416028274,13.3
54,J0922+0638,0.4306270989281231,06:38:23.30,10.0,8.7
55,J0924-5302,0.74629520954,-53:02:44.2,2.7411545040163694,13.1
56,J0924-5814,0.739505469965604,-58:14:05.1,13.0,19.9
57,J0934-5249,1.4447771408216088,-52:49:27.4,4.7,6.0
58,J0941-5244,0.65855761432,-52:44:04.48,1.2459793200074405,15.4
59,J0942-5552,0.66436748807,-55:52:52.3,27.41154504016369,9.0
60,J0942-5657,0.8081643714147704,-56:57:43.21,3.6,3.7
61,J0944-1354,0.5702641245618781,-13:54:41.63,5.0,4.7
62,J0945-4833,0.3315855987755,-48:33:14.50,0.9718638696058036,4.6
63,J0952-3839,1.3738151214,-38:39:10.2,9.967834560059524,33.6
64,J0953+0755,0.25306516494815756,07:55:35.75,210.0,13.3
65,J0955-5304,0.862122010594343,-53:04:16.57,6.7,3.7
66,J0959-4809,0.6700857604,-48:09:47.5,9.967834560059524,94.2
67,J1001-5507,1.4366308544996143,-55:07:08.6,25.0,4.0
68,J1001-5559,1.6611767402276296,-55:59:00.2,3.4887420960208333,14.8
69,J1003-4747,0.30707421923366524,-47:47:01.2,3.0,7.2
70,J1012-5857,0.8199262449677011,-58:57:48.7,4.4,7.0
71,J1013-5934,0.44290093637012345,-59:34:26.63,5.8,4.7
72,J1015-5719,0.139881677595,-57:19:12.8,7.475875920044643,44.3
73,J1016-5345,0.7695835272,-53:45:13.8,2.7411545040163694,6.8
74,J1017-5621,0.5034626204676947,-56:21:30.52,8.0,4.7
75,J1017-7156,0.0023385144401185426,-71:56:41.64586,2.467039053614732,0.06
76,J1020-5921,1.23830534423,-59:21:34,0.4983917280029762,16.9
77,J1022+1001,0.016452929954195394,+10:01:52.765,12.210597336072917,0.972
78,J1023+0038,0.0016879874702210563,00:38:40.8455,NaN,NaN
79,J1032-5911,0.46420801,-59:10,2.7411545040163694,20.0
80,J1034-3224,1.1505904284171227,-32:24:25.996,19.0,48.8
81,J1036-4926,0.510368133101,-49:26:21.77,1.9935669120119048,9.9
82,J1038-5831,0.661992094032,-58:31:27.18,5.731504872034225,14.2
83,J1041-1942,1.3863680745875944,-19:42:13.61,5.731504872034225,48.9
84,J1042-5521,1.1708672441037384,-55:21:06.2,5.6,8.2
85,J1043-6116,0.288601695277,-61:16:50.8,3.4638225096206843,4.2
86,J1045-4509,0.007474224228425392,-45:09:54.1223,6.827966673640774,0.84
87,J1046-5813,0.36942808789417764,-58:13:52.0,4.1,8.2
88,J1047-6709,0.1984514505627,-67:09:51.066,7.725071784046131,2.2
89,J1048-5832,0.12372534335125973,-58:32:06.2,13.5,19.5
90,J1049-5833,2.20232507704329,-58:33:44.6,1.7443710480104166,30.0
91,J1056-6258,0.4224505316190333,-62:58:47.69,59.0,15.9
92,J1057-5226,0.19711468957450884,-52:26:56.33,20.0,
93,J1057-7914,1.3474021612,-79:14:24.2,1.4951751840089285,21.0
94,J1058-5957,0.616270272343,-59:57:36.4,1.4951751840089285,15.6
95,J1059-5742,1.1850026197561547,-57:42:14.5,5.1,5.3
96,J1105-6107,0.06320213091790895,-61:07:48.94,2.4,18.6
97,J1110-5637,0.5582543734583949,-56:37:32.6,5.4,14.9
98,J1112-6613,0.33421283978,-66:13:04.8,4.236329688025298,13.1
99,J1112-6926,0.82048420411,-69:26:31.0,1.4951751840089285,24.8
100,J1114-6100,0.88081962549,-61:00:34.2,11.712205608069942,27.4
101,J1116-4122,0.943157882843,-41:22:43.96,7.0,5.3
102,J1117-6154,0.50509714918,-61:54:22,3.9871338240238097,3.9
103,J1119-7936,2.2805971963,-79:36:30.3,1.7443710480104166,35.5
104,J1121-5444,0.5357865139154964,-54:44:05.1,5.1,5.2
105,J1123-6259,0.2714340521989345,-62:59:10.74,1.2708989064075893,5.3
106,J1126-6054,0.202736911853,-60:54:39.96,3.4887420960208333,3.5
107,J1126-6942,0.579416438,-69:42:15.3,0.7475875920044642,7.9
108,J1133-6250,1.02287514082,-62:50:50.6,17.443710480104166,257.7
109,J1136+1551,1.1879130659363586,+15:51:14.183,90.0,10.1
110,J1136-5525,0.36471324916608333,-55:25:06.9,14.0,14.1
111,J1141-3322,0.29146753651085605,-33:22:37.4286,3.9871338240238097,10.9
112,J1141-6545,0.3938988148377834,-65:45:19.1131,8.5,8.7
113,J1146-6030,0.27337450864355883,-60:30:59.49,8.5,15.5
114,J1157-6224,0.4005257166957991,-62:24:50.93,34.0,10.8
115,J1202-5820,0.45280309753690035,-58:20:33.64,10.1,7.1
116,J1210-5559,0.2797678686531765,-55:59:03.87,4.9,7.1
117,J1224-6407,0.21648082548738776,-64:07:53.834,19.0,7.8
118,J1225-6408,0.4196177915,-64:08:43,4.485525552026786,4.5
119,J1231-6303,1.3512362992,-63:03:18,3.7379379600223217,174.2
120,J1237-6725,2.11097411794,-67:25:33.9,0.9967834560059524,53.4
121,J1239-6832,1.3019225298980932,-68:32:30.0,3.5,6.4
122,J1243-6423,0.38848512711014244,-64:23:23.73,119.0,5.3
123,J1253-5820,0.2554963274098,-58:20:40.89,8.3,7.5
124,J1257-1027,0.6173076699954868,-10:27:05.551,2.990350368017857,6.0
125,J1259-6741,0.6633290494,-67:41:40,3.2395462320193453,21.4
126,J1302-6350,0.04776250754158053,-63:50:08.62859,4.7,
127,J1303-6305,2.3066415539322183,-63:05:00.8,0.8971051104053571,38.0
128,J1305-6455,0.5716517897286989,-64:55:28.3,9.0,8.1
129,J1306-6617,0.473026470689,-66:17:21.8,13.0,27.6
130,J1312-5402,0.7281543942690664,-54:02:42.6,3.7,13.2
131,J1312-5516,0.8492425970485211,-55:16:48.0,8.5,8.3
132,J1314-6101,2.9483896038,-61:01:16,1.021703042406101,59.0
133,J1317-6302,0.26127055606486,-63:02:52.2,3.9871338240238097,10.2
134,J1319-6056,0.28435267192139774,-60:56:46.7,4.4,7.3
135,J1320-5359,0.27973768328216575,-53:59:05.00,7.1,10.5
136,J1322-6241,0.5060584137338984,-62:41:53.5,0.9220246968055059,8.7
137,J1326-5859,0.4779936127568716,-58:59:29.29,36.0,9.1
138,J1326-6408,0.7926738766410666,-64:08:43.8,8.2,4.5
139,J1326-6700,0.543015040685032,-67:00:49.2,25.0,31.4
140,J1327-6222,0.5299291867467958,-62:22:45.46,72.0,10.7
141,J1327-6301,0.1964799448606416,-63:01:15.45,15.0,14.0
142,J1328-4357,0.53269880337,-43:57:44.12,7.6,9.0
143,J1334-5839,0.1077182159234,-58:39:16.545,1.5450143568092263,4.1
144,J1338-6204,1.2389895765,-62:04:18.7,14.7025559760878,89.5
145,J1340-6456,0.37862206628,-64:56:42.9,2.242762776013393,14.1
146,J1345-6115,1.2530845900978997,-61:15:30.6,1.4702555976087797,27.0
147,J1347-5947,0.6099617543042217,-59:47:39.8,1.6696122888099703,11.0
148,J1350-5115,0.2956991763,-51:15:24.77,NaN,6.0
149,J1352-6803,0.62890254638,-68:03:37.1,2.491958640014881,27.1
150,J1355-5153,0.644304508142042,-51:53:54.0,4.3,3.8
151,J1356-5521,0.507379566696,-55:21:12.96,2.242762776013393,15.4
152,J1359-6038,0.12750846621665984,-60:38:07.55,40.0,10.0
153,J1401-6357,0.8428053217722605,-63:57:45.4,20.0,5.1
154,J1402-5124,1.380177,-51:24,NaN,15.0
155,J1413-6307,0.394945790784,-63:07:35.45,2.990350368017857,3.1
156,J1418-3921,1.0968060034,-39:21:18.51,2.491958640014881,20.4
157,J1420-5416,0.935772204694025,-54:16:22.5,4.6,7.0
158,J1424-5822,0.366734060217,-58:22:56.0,3.2395462320193453,9.0
159,J1428-5530,0.5702924098196743,-55:30:50.1,15.0,9.0
160,J1430-6623,0.7854433453623382,-66:23:05.55,33.0,2.6
161,J1435-5954,0.47299543551438067,-59:54:49.2,4.7,15.3
162,J1440-6344,0.45960672390058893,-63:44:48.4,7.0,11.7
163,J1452-6036,0.1549913579183,-60:36:31.35,4.3,23.2
164,J1453-6413,0.17948731541916407,-64:13:16.047,53.0,6.1
165,J1456-6843,0.26337690718181694,-68:43:39.50,90.0,19.5
166,J1457-5122,1.7483010801,-51:22:53,NaN,14.0
167,J1502-5653,0.5355043977897375,-56:53:39.21,0.9718638696058036,7.2
168,J1507-4352,0.28675849983581736,-43:52:03.8,8.0,5.6
169,J1507-6640,0.35565630109503815,-66:40:57.80,3.5,3.6
170,J1511-5414,0.2003836959221,-54:14:40.3,1.8689689800111609,5.9
171,J1512-5759,0.12869988365687532,-58:00:00.2,25.0,49.4
172,J1514-4834,0.45483920949,-48:34:19.5,3.2395462320193453,8.0
173,J1522-5829,0.39535448158740866,-58:29:03.1,12.9,17.4
174,J1527-3931,2.417605394424385,-39:31:36.6,2.8,5.8
175,J1527-5552,1.0487185538266182,-55:52:08.3,5.2,4.0
176,J1528-3146,0.06082223035146,-31:46:06.836,0.9967834560059524,0.4
177,J1534-5334,1.3688822425450322,-53:34:19.66,21.0,5.5
178,J1534-5405,0.2896888952,-54:05:39.7,3.4887420960208333,4.3
179,J1536-5433,0.881438431123562,-54:33:15,4.485525552026786,33.5
180,J1539-5626,0.24339606504269956,-56:26:26.3,8.4,18.8
181,J1542-5034,0.5992450364,-50:34:01.4,0.7475875920044642,5.3
182,J1543+0929,0.7484484162291084,+09:29:16.339,14.7025559760878,46.2
183,J1543-0620,0.7090640697858092,-06:20:45.332,4.983917280029762,6.3
184,J1544-5308,0.17855387294898442,-53:08:46.93,11.0,8.7
185,J1548-4927,0.602738077704,-49:27:40.4,1.7194514616102679,12.0
186,J1549-4848,0.288346763122,-48:48:37.44,3.9871338240238097,5.9
187,J1553-5456,1.0813282469,-54:56:06,2.242762776013393,8.4
188,J1555-2341,0.5325777412091406,-23:41:09.8798,2.242762776013393,10.8
189,J1555-3134,0.518109779800833,-31:34:20.10,9.469442832056547,27.3
190,J1557-4258,0.329186857758,-42:58:12.66,10.3,4.5
191,J1559-4438,0.2570560976508,-44:38:45.901778,82.0,8.9
192,J1559-5545,0.9572424424,-55:45:40,1.7942102208107142,9.0
193,J1600-3053,0.003597928455004779,-30:53:49.4061,6.08037908163631,0.094
194,J1600-5044,0.19260489976863637,-50:44:21.30,50.0,23.6
195,J1600-5751,0.194454482247,-57:51:14.7,6.229896600037202,9.9
196,J1602-5100,0.8642862082841154,-51:00:06.1,20.0,7.0
197,J1603-2531,0.28307037669209933,-25:31:47.3585,NaN,7.0
198,J1603-2712,0.7783131927918391,-27:13:27.6227,4.236329688025298,14.5
199,J1603-5657,0.49607711306,-56:57:44.19,2.242762776013393,2.5
200,J1603-7202,0.01484195225108228,-72:02:32.72985,8.721855240052083,1.206
201,J1604-4909,0.3274185215590687,-49:09:57.98,16.0,5.0
202,J1605-5257,0.6580134125047947,-52:57:34.5,28.0,32.7
203,J1607-0032,0.42181623358257625,-00:32:41.527,4.236329688025298,9.8
204,J1610-1322,1.0183927463615343,-13:22:22.3191,NaN,37.6
205,J1611-5209,0.182491659288,-52:09:23.6,3.6133400280215775,1.1
206,J1613-4714,0.3823767216695099,-47:14:26.9,3.8,8.5
207,J1614+0737,1.2068014363967932,+07:37:31.0104,1.4951751840089285,11.9
208,J1615-5444,0.360957675308,-54:44:32.4,1.4702555976087797,6.5
209,J1615-5537,0.79152571562,-55:37:00.5,1.9935669120119048,5.5
210,J1618-4723,0.20355287786,-47:23:19.1,2.491958640014881,10.5
211,J1622-4332,0.91693752262,-43:32:28.2,1.3207380792078869,32.0
212,J1622-4950,4.327020260966019,-49:50:54.4,11.961401472071428,NaN
213,J1623-0908,1.276445819515507,-09:08:48.733,1.4951751840089285,14.7
214,J1623-2631,0.011075750914202482,-26:31:53.769,3.9871338240238097,0.57
215,J1623-4256,0.3645903553,-42:56:52,6.728288328040179,9.6
216,J1625-4048,2.3552781933,-40:48:21.5,NaN,96.0
217,J1626-4537,0.370141128114,-45:37:25.6,2.990350368017857,10.1
218,J1632-4621,1.7091544952795863,-46:21:48.6,1.9935669120119048,11.9
219,J1633-4453,0.436506697158,-44:53:07.8,6.479092464038691,7.6
220,J1633-5015,0.35214540393696525,-50:15:08.40,28.0,14.8
221,J1635-5954,0.52912125685,-59:54:41,4.485525552026786,23.2
222,J1639-4359,0.58755897769,-43:59:52,2.2926019488136906,24.0
223,J1639-4604,0.264557925602,-46:04:33.1,2.491958640014881,18.7
224,J1643-1224,0.00462164152493627,-12:24:58.6831,11.662366435269643,0.314
225,J1644-4559,0.45507820167172386,-45:59:09.71,1040.0,20.0
226,J1646-6831,1.7856112396,-68:31:51,12.210597336072917,74.9
227,J1649-3805,0.262025692969456,-38:05:59.1,3.9871338240238097,8.0
228,J1650-1654,1.7495517460975152,-16:54:42.282,2.7411545040163694,44.2
229,J1651-1709,0.9733936918720266,-17:09:22.1135,0.7475875920044642,27.4
230,J1651-4246,0.8440806319729401,-42:46:09.4,68.0,25.1
231,J1651-5222,0.6350581748927667,-52:22:58.6,9.9,9.0
232,J1651-5255,0.8905339578,-52:55:48,8.223463512049106,20.8
233,J1652-2404,1.7037391378577924,-24:03:50.8751,3.9871338240238097,29.8
234,J1700-3312,1.3583070105262602,-33:12:46.5057,4.8,9.6
235,J1701-3726,2.454618042784687,-37:26:25,11.0,8.7
236,J1703-1846,0.8043410792711806,-18:46:14.845,5.0,6.1
237,J1703-3241,1.2117850946469777,-32:41:48.0373,21.0,12.3
238,J1703-4851,1.3964049836601733,-48:52:01.0,4.6,4.1
239,J1705-1906,0.2989874273426425,-19:06:38.6507,19.0,
240,J1705-3423,0.2554267757032457,-34:23:43.4,11.0,20.6
241,J1707-4053,0.58101670786,-40:53:56.1,52.0,87.4
242,J1707-4341,0.89059449625,-43:41:12.0,1.1463009744068453,12.0
243,J1708-3426,0.6921132465204503,-34:26:44.1428,8.1,11.0
244,J1709-1640,0.6530539712555028,-16:40:57.73,17.0,6.5
245,J1709-4429,0.10245924592944797,-44:29:08.24,23.0,23.0
246,J1711-5350,0.8992177993,-53:50:16,3.4,5.2
247,J1713+0747,0.004570136527581793,+07:47:37.4784,22.676823624135416,0.11
248,J1715-4034,2.072154597564798,-40:34:21,4.7,15.9
249,J1717-3425,0.6562992314590905,-34:24:59.5685,9.718638696058036,11.5
250,J1717-4054,0.8877194563423443,-41:03:17.8,8.0,17.5
251,J1719-4006,0.189094492501,-40:06:59.5,3.4887420960208333,5.1
252,J1720-1633,1.5656011480232308,-16:33:33.7268,3.4,4.1
253,J1720-2933,0.6204483653468403,-29:33:16.2416,7.0,15.0
254,J1722-3207,0.4771579477894289,-32:07:45.3,15.4,9.5
255,J1722-3712,0.23618184096201192,-37:12:03.7,7.5,7.0
256,J1723-3659,0.20272193786036188,-36:59:13.9,5.23311314403125,6.9
257,J1727-2739,1.2930999423474958,-27:39:00.5,4.236329688025298,87.3
258,J1730-2304,0.008122798046076985,-23:04:31.19,9.967834560059524,0.965
259,J1731-4744,0.8298287852354905,-47:44:36.26,67.28288328040179,17.1
260,J1732-4128,0.6279806844,-41:28:48,2.7411545040163694,13.4
261,J1733-2228,0.8716828329861209,-22:28:37.2348,9.967834560059524,61.3
262,J1735-0724,0.4193349661853239,-07:24:52.130,5.731504872034225,4.5
263,J1736-2457,2.6422234390449013,-24:57:50,2.0932452576125,62.0
264,J1737-3555,0.397584746441,-35:55:43.8,2.491958640014881,5.4
265,J1738+0333,0.005850095859775686,+03:33:10.881,1.6696122888099703,0.43
266,J1738-3211,0.7684989454804679,-32:11:53.6471,5.980700736035714,11.3
267,J1739-2903,0.32288797943406383,-29:03:02.9,11.0,
268,J1739-3131,0.5294409884251815,-31:31:15.3012,15.450143568092262,20.7
269,J1740+1000,0.154087174313,+10:00:06.3,6.728288328040179,8.4
270,J1740+1311,0.803050264794404,13:11:56.69,5.23311314403125,25.9
271,J1740-3015,0.6068866242543225,-30:15:43.5,22.17843189613244,2.4
272,J1741-0840,2.043082458401475,-08:40:31.711,3.4887420960208333,57.9
273,J1741-2733,0.8929586697783418,-27:33:51,4.485525552026786,40.9
274,J1741-3016,1.8937486937687293,-30:16:31,4.983917280029762,35.2
275,J1741-3927,0.5122123551296487,-39:27:38.2,11.6,7.5
276,J1743-0339,0.44464510677348185,-03:39:11.4822,1.2459793200074405,6.5
277,J1743-3150,2.4145755199694583,-31:50:21.6971,7.3,7.2
278,J1744-1134,0.00407454594143919,-11:34:54.68126,7.0,13.3
279,J1745-3040,0.36743245148171566,-30:40:23.19,46.0,5.3
280,J1748-1300,0.3941333466126277,-13:00:52.0853,7.0,9.8
281,J1748-2446A,0.01156314838986,-24:46:36.9,1.5200947704090775,0.8
282,J1748-2446S,0.00611664,-24:46:45,NaN,NaN
283,J1749-3002,0.6098736486726055,-30:02:34.9246,10.217030424061011,41.7
284,J1750-2438,0.7127940367738814,-24:38:58,1.2459793200074405,9.6
285,J1750-3503,0.68401360292,-35:03:08.9,1.968647325611756,67.0
286,J1751-4657,0.7423536034382896,-46:57:26.53,15.0,7.2
287,J1752-2806,0.5625576355342506,-28:06:37.3,160.0,4.7
288,J1756-2435,0.6704799625529156,-24:35:34.3111,4.983917280029762,25.0
289,J1757-2421,0.2341057912524572,-24:22:07.4457,17.942102208107144,9.6
290,J1759-2205,0.46097412786894365,-22:05:33.0345,3.7,3.1
291,J1759-3107,1.0789533183122497,-31:07:21.5,2.2676823624135416,16.0
292,J1801-0357,0.9214906737718075,-03:57:55.0282,1.7443710480104166,11.4
293,J1801-2920,1.081908474226637,-29:20:38.5746,6.3,18.0
294,J1802-2124,0.012647593586522718,-21:24:03.649,1.9188081528114584,0.37
295,J1803-2137,0.13366692025028434,-21:37:07.351,23.922802944142855,13.1
296,J1805-1504,1.1812692298494554,-15:04:36,9.22024696805506,229.0
297,J1807-0847,0.16372737166367285,-08:47:43.27,37.0,11.8
298,J1807-2715,0.827776461518327,-27:15:02.9632,2.8,5.9
299,J1808-0813,0.8760442866771196,-08:13:01.797,4.0,9.2
300,J1808-2057,0.9184103262857551,-20:58:07.5248,6.479092464038691,76.0
301,J1809-1943,5.540742829324981,-19:43:51.9315,1.6945318752101193,150.0
302,J1809-2109,0.7024136291345919,-21:09:02.8765,2.0932452576125,13.0
303,J1810-5338,0.26104931796,-53:38:07.7,NaN,7.0
304,J1816-2650,0.5928851304388287,-26:49:53.4936,7.4,11.4
305,J1817-3618,0.38701939745435454,-36:18:04.6,7.8,8.4
306,J1817-3837,0.38448678392,-38:37:59.7,7.725071784046131,4.5
307,J1818-1422,0.2914894606391399,-14:22:36.71,26.0,103.8
308,J1819-0925,0.8520474835047593,-09:25:49.9,1.7942102208107142,20.0
309,J1820-0427,0.5980819353745133,-04:27:37.712,27.0,5.8
310,J1820-0509,0.3373207957912118,-05:09:38.5,0.6229896600037202,9.0
311,J1822-2256,1.874268518251891,-22:56:30.6089,12.0,9.7
312,J1823+0550,0.7529065430493703,05:50:24.31,4.236329688025298,10.2
313,J1823-0154,0.75977746436294,-01:54:04.5714,2.0,3.4
314,J1823-1115,0.27982869656534903,-11:15:11.2864,7.974267648047619,26.0
315,J1823-3106,0.28405434496681903,-31:06:49.7498,11.1,6.5
316,J1824-0127,2.499468267426122,-01:27:51.4,1.4702555976087797,20.0
317,J1824-1945,0.18933848509393242,-19:45:51.6,24.0,4.8
318,J1824-2452A,0.00305431559227118,-24:52:10.834,5.731504872034225,0.972
319,J1825-0935,0.7690209983270947,-09:35:21.2,24.0,5.7
320,J1827-0750,0.2705020393711933,-07:50:19.2,7.226680056043155,10.0
321,J1828-0611,0.26941473206323746,-06:11:51.5,3.7379379600223217,8.4
322,J1829-1751,0.30713297582255544,-17:51:03.8981,21.0,6.9
323,J1830-1059,0.4050433216298211,-10:59:27.926,3.7379379600223217,2.0
324,J1830-1135,6.221552666300743,-11:35:32,3.0,7.5
325,J1831-1223,2.857941001266995,-12:23:31,2.990350368017857,92.1
326,J1832-0827,0.6473377612136061,-08:27:03.8,8.1,5.6
327,J1833-0338,0.6867328372449726,-03:39:04.258,8.5,3.8
328,J1833-0827,0.08528425126174685,-08:27:31.2435,20.0,34.4
329,J1834-0426,0.2901081932010382,-04:26:15.8361,35.0,105.9
330,J1835-1020,0.3024495840703481,-10:20:04.50,4.734721416028274,5.0
331,J1835-1106,0.1659069781495,-11:06:15.1,6.229896600037202,3.9
332,J1836-0436,0.3542365077177134,-04:36:37.6754,4.983917280029762,9.3
333,J1836-1008,0.5627107361360836,-10:08:08.3481,14.0,9.1
334,J1837-0653,1.9058087060664768,-06:53:02.1137,8.721855240052083,50.3
335,J1839-1238,1.9114280225111764,-12:38:40.7,0.9220246968055059,30.0
336,J1840-0809,0.9556721359086381,-08:09:03.3,5.7,7.7
337,J1840-0815,1.0964399722281468,-08:15:10.6,4.734721416028274,21.3
338,J1840-0840,5.309376684684634,-08:40:29,4.286168860825596,188.0
339,J1840-1207,0.7544704271922604,-12:07:32.6,0.5482309008032739,15.0
340,J1841+0912,0.3813192941282139,+09:12:07.3565,5.8,9.1
341,J1841-0425,0.18614885795626024,-04:25:19.50,8.223463512049106,4.3
342,J1842-0359,1.8399443151589459,-03:59:59.8336,21.0,11.1
343,J1843-0000,0.8803304818843488,-00:00:40.9,9.0,11.9
344,J1843-0211,2.0275243887163676,-02:11:02.8,2.3175215352138396,24.0
345,J1843-1507,0.5835503773621201,-15:07:03.0,0.4236329688025298,7.0
346,J1844+00,0.460503,+00:35,21.430844304127977,12.0
347,J1844+1454,0.3754633785228405,14:54:14.12,4.485525552026786,11.4
348,J1844-0433,0.9910266163950838,-04:33:12.4111,2.7411545040163694,13.0
349,J1844-0538,0.25569926808569476,-05:38:34.1828,7.974267648047619,7.2
350,J1845-0743,0.104694545163,-07:43:38.4,9.22024696805506,1.8
351,J1847-0402,0.5978087541476929,-04:02:14.4,12.7,11.7
352,J1848-0123,0.6594320505300005,-01:23:58.33,30.0,9.1
353,J1848-1952,4.308189598568733,-19:52:30.8815,NaN,65.0
354,J1849-0636,1.451319471078245,-06:37:06.9048,4.9,3.7
355,J1850+1335,0.3455818980724517,+13:35:58.3967,1.9935669120119048,4.7
356,J1852-0635,0.524156765367366,-06:36:01.8,11.0,64.6
357,J1852-2610,0.33633713161997586,-26:10:12.6998,3.4887420960208333,8.2
358,J1854-1421,1.1465948471179677,-14:21:26.4217,4.0,6.6
359,J1855-0941,0.34540115992,-09:41:02,2.242762776013393,22.9
360,J1857+0212,0.41582305526331814,+02:12:41.1161,6.2,18.0
361,J1900-2600,0.6122092044382964,-26:00:43.8,38.0,22.5
362,J1900-7951,1.2791931935,-79:51:48.2,NaN,30.0
363,J1901+0331,0.6554502394904106,+03:31:05.97,26.0,6.2
364,J1901+0716,0.6439986635060188,+07:16:34.8085,2.242762776013393,11.0
365,J1901-0906,1.7819277623429401,-09:06:11.146,7.0,10.0
366,J1902+0556,0.7465773564335665,+05:56:25.9227,2.990350368017857,11.0
367,J1902+0615,0.6735033169298381,+06:16:33.41,3.9871338240238097,3.4
368,J1902-5105,0.001742399949905645,-51:05:56.9695,2.990350368017857,NaN
369,J1903+0135,0.7293069607464464,+01:35:38.53,19.0,4.4
370,J1903-0632,0.43188708466061554,-06:32:21.9385,5.5,6.4
371,J1904+0004,0.13952466658865756,+00:04:05.29,7.226680056043155,7.1
372,J1905-0056,0.6431812595583022,-00:56:40.9526,1.7443710480104166,3.2
373,J1909+0007,1.0169483619839526,+00:07:57.7749,3.2,2.7
374,J1909+0254,0.9898312072104777,+02:54:50.6761,4.2,3.4
375,J1909+1102,0.2836413311242079,+11:02:03.3509,10.0,5.0
376,J1909-3744,0.0029471080691607166,-37:44:14.46674,3.2,7.0
377,J1910+0358,2.3302628205210025,+03:58:28.029,3.7379379600223217,265.0
378,J1910-0309,0.5046060554148478,-03:09:53.8,5.1,5.0
379,J1913+1400,0.5214727140816718,+14:00:52.559,2.990350368017857,6.2
380,J1913-0440,0.8259358030956224,-04:40:47.68,21.0,3.8
381,J1915+1009,0.40455176743998844,+10:09:43.37,3.7,4.9
382,J1916+0951,0.27025443956449635,+09:51:25.9827,5.9,12.9
383,J1916+1312,0.28184240740449334,+13:12:50.0221,5.3,7.2
384,J1917+1353,0.1946309827982991,+13:53:57.077,16.94531875210119,3.8
385,J1918-0642,0.007645872769642047,-06:42:34.8956,1.4453360112086309,0.74
386,J1919+0021,1.2722603747058854,+00:21:39.722,4.1,4.8
387,J1920+1040,2.215801738886563,+10:40:31,1.420416424808482,45.0
388,J1926+0431,1.0740781735974274,+04:31:31.6521,3.5,5.2
389,J1932+1059,0.2265187466567967,+10:59:33.38,60.0,10.7
390,J1932-3655,0.5714203197,-36:55:02.1,1.7443710480104166,5.1
391,J1935+1616,0.35873841076961044,+16:16:39.986,144.0352093928601,6.0
392,J1941-2602,0.40285790887542816,-26:02:05.75,6.2,3.3
393,J1943-1237,0.9724288509135829,-12:37:42.4115,2.8,4.1
394,J1945-0040,1.0456324447715093,-00:40:58.0674,1.9935669120119048,50.0
395,J1946-2913,0.959447931541423,-29:13:47.1,3.4,5.5
396,J1949-2524,0.9576166302906218,-25:24:00.9747,2.2,4.2
397,J2006-0807,0.580871337030867,-08:07:02.167,6.9,54.4
398,J2033+0042,5.013400111608915,+00:42:23,2.5,5.9
399,J2038-3816,1.5772861505,-38:16:11.9,0.7475875920044642,24.5
400,J2046+1540,1.1382856833155095,+15:40:33.558,4.236329688025298,9.6
401,J2046-0421,1.5469381168652414,-04:21:26.256,4.4,4.9
402,J2048-1616,1.9615723036126127,-16:16:44.55350,23.0,13.3
403,J2051-0827,0.0045086418200064255,-08:27:37.7497,6.977484192041667,0.44
404,J2053-7200,0.3413364057236207,-72:00:42.45,8.0,27.6
405,J2116+1414,0.4401530669474793,14:14:21.04,3.5,7.1
406,J2129-5721,0.003726348483867234,-57:21:14.21183,3.1897070592190477,0.262
407,J2144-3933,8.509827491,-39:33:56.88504,2.2,2.7
408,J2145-0750,0.0160524239193813,-07:50:18.514,15.0,79.9
409,J2155-3118,1.03000211203956,-31:18:54.6652,2.1,6.1
410,J2222-0137,0.03281785905434283,-01:37:15.72441,2.7,6.7
411,J2241-5236,0.002186699771552793,-52:36:36.2260,3.6,11.8
412,J2248-0101,0.4772331191229628,-01:01:48.085,1.2459793200074405,8.4
413,J2324-6054,2.3474883631415757,-60:54:05.8,2.3,7.4
414,J2330-2005,1.6436221853269488,-20:05:29.63,4.0,5.2
415,J2346-0609,1.1814633829674592,-06:09:59.899,5.2,16.9
